"Timestamp","Are you licensed to drive? If yes, please list all applicable license classes.","How many years have you been driving?","What is your name?","How many hours do you drive every week? ","For what purpose(s) do you drive? (Please check all that apply )","What are the problems you're facing while driving? (Please check all that apply)","Which of the following problems is the main problem you're facing?","What is the main accessible resource that you can get for driving information?","Which of the following do you prefer?","How would you like information to be delivered to you?","Which of the following do you prefer?","Do you have an incar information system?","If you do, are you satisfied with your current system?","What kind of functions do you think you need to add to your current information system? (Please state below)"
"2015/02/18 2:15:51 AM GMT","","2 - 3 years","","5 - 9","To go to remote/inaccessible locations;Recreational (for personal enjoyment)","Encountering unexpected roadblocks/road conditions","Road condition","Smartphone apps","Realtime information","Verbal","Both","Yes","Yes",""
"2015/02/18 2:18:28 AM GMT","","0 - 1 year","","10 - 14","To go to remote/inaccessible locations;Recreational (for personal enjoyment)","Encountering unexpected roadblocks/road conditions;Lack of driving experience;Finding affordable and accessible sources of driving information","Communication (incoming calls, talking to other drivers etc)","Smartphone apps","Summary information;Realtime information","Visual(Diagrams)","“Why” information (informative, explanatory information) (ex. There is a road block ahead)","Yes","Yes",""
"2015/02/18 2:47:38 AM GMT","wrwr","0 - 1 year","earfsf","0 - 4","To go to remote/inaccessible locations","Navigation issues;Communication (incoming calls, talking to other drivers etc)","Road condition","Map","Summary information;Realtime information","Written","“Why” information (informative, explanatory information) (ex. There is a road block ahead)","Yes","Yes",""
"2015/02/18 5:07:28 AM GMT","G1 driver license
G2 driver license","0 - 1 year","OG Yang","0 - 4","To go to school/work;To go to remote/inaccessible locations","Finding available parking spots;Finding parking spots at reasonable rates;Lack of driving experience","Find a parking slot","Your own experience and memory","Realtime information","Verbal","Both","No","Yes",""
"2015/02/19 3:12:18 PM GMT","G","2 - 3 years","Jason Liu","20+","To go to school/work;To go to remote/inaccessible locations","Finding available parking spots;Finding parking spots at reasonable rates;Encountering unexpected roadblocks/road conditions;Communication (incoming calls, talking to other drivers etc)","Find a parking slot","Navigation systems (ex. GPS)","Realtime information","Verbal","Both","Yes","Yes","AI helper"
"2015/02/19 7:37:41 PM GMT","Yes. G2","2 - 3 years","Jason To","5 - 9","Recreational (for personal enjoyment)","Other_______________________________","Other_______________________________","Friends/family members","Realtime information","Visual(Diagrams)","Both","No","No (Please proceed to question 12)","Nothing really, the current functions are extremely helpful."
"2015/02/19 10:41:49 PM GMT","Yes. G. Forklift license (Class I, IV, V). ","more than 5 years","Winston Seo","20+","To go to school/work;To go to remote/inaccessible locations;Recreational (for personal enjoyment)","Encountering unexpected roadblocks/road conditions;Communication (incoming calls, talking to other drivers etc)","Communication (incoming calls, talking to other drivers etc)","Navigation systems (ex. GPS)","Summary information;Realtime information","Verbal","“Why” information (informative, explanatory information) (ex. There is a road block ahead)","Yes","No (Please proceed to question 12)","- Road block 
- Construction
- Tire pressure check / Vehicle-condition updates 
- Lane departure warnings 
- Finding cheap gas (deals)
- Recording dash-cam features
- Sensors for recording car accidents. Preventing car accidents. "
"2015/02/20 12:15:48 AM GMT","Class G","more than 5 years","Jason Cheung","15 - 19","To go to school/work","Encountering unexpected roadblocks/road conditions","Road condition","Smartphone apps","Realtime information","Visual(Diagrams)","Both","No","No (Please proceed to question 12)","Customization of different routes. E.g. Google Maps would give me 2 - 3 different routes on the phone but I cannot add more routes and save them."
"2015/02/20 2:25:59 AM GMT","Yes, G1","0 - 1 year","Nancy Yu","0 - 4","To go to school/work","Encountering unexpected roadblocks/road conditions;Lack of driving experience;Communication (incoming calls, talking to other drivers etc)","Lack of experience","Smartphone apps","Realtime information","Visual(Diagrams)","Both","Yes","No (Please proceed to question 12)","Automatically update the real time traffic information"
"2015/02/20 2:30:44 AM GMT","Class G","more than 5 years","Tom Yu","10 - 14","To go to school/work;Recreational (for personal enjoyment)","Finding available parking spots;Encountering unexpected roadblocks/road conditions","Road condition","Friends/family members","Realtime information","Visual(Diagrams)","Both","Yes","No (Please proceed to question 12)","Display a stereoscopic scene in front of my line of sight"
"2015/02/20 2:39:02 AM GMT","Class A, D, G","more than 5 years","Ping Yu","15 - 19","Recreational (for personal enjoyment);Occupational driving (part of your jobdescription)","Finding available parking spots;Encountering unexpected roadblocks/road conditions","Road condition","Your own experience and memory","Realtime information","Visual(Diagrams)","Both","No","Yes",""
"2015/02/21 12:02:41 AM GMT","G1","0 - 1 year","Heng Li","5 - 9","To go to school/work;Recreational (for personal enjoyment)","Finding available parking spots;Encountering unexpected roadblocks/road conditions","Find a parking slot","Smartphone apps","Realtime information","Visual(Diagrams)","Both","Yes","No (Please proceed to question 12)","To be able to speak with local dialect"
"2015/02/21 12:04:12 AM GMT","G1","2 - 3 years","Yu Huo","5 - 9","To go to school/work","Finding available parking spots;Finding parking spots at reasonable rates","Find a parking slot","Smartphone apps","Realtime information","Verbal","Both","Yes","No (Please proceed to question 12)","Help find a parking slot"